age_group,disease,Nationality,counts,percentage
70+,Hypertension,Israeli,31702,10.313517663631366
70+,Heart disease,Israeli,27895,9.074997641378996
60-69,Hypertension,Israeli,16810,5.4687474583825395
70+,CKD,Israeli,16364,5.323651600771676
70+,Dyslipidemia,Israeli,14699,4.781982087493453
60-69,Heart disease,Israeli,12965,4.217865008800096
50-59,Hypertension,Israeli,12213,3.9732190784786408
70+,Diabetes,Israeli,11569,3.763708467937394
60-69,Dyslipidemia,Israeli,8749,2.8462862292319353
50-59,Heart disease,Israeli,8611,2.8013910984016683
60-69,Diabetes,Israeli,7277,2.3674048337090863
60-69,CKD,Israeli,7000,2.27728924501355
40-49,Hypertension,Israeli,5960,1.9389491286115368
50-59,Dyslipidemia,Israeli,5738,1.866726526841107
50-59,Diabetes,Israeli,5231,1.7017857200951256
50-59,CKD,Israeli,4834,1.572630887199357
60-69,Obesity,Israeli,4026,1.3097666429177932
40-49,Heart disease,Israeli,3885,1.2638955309825202
50-59,Obesity,Israeli,3806,1.2381946952173672
70+,Obesity,Israeli,3295,1.071952580331378
40-49,Diabetes,Israeli,2503,0.814293568609845
40-49,Obesity,Israeli,2419,0.7869660976696824
40-49,CKD,Israeli,2398,0.7801342299346418
30-39,Hypertension,Israeli,2356,0.7664704944645605
40-49,Dyslipidemia,Israeli,2334,0.7593132996945179
50-59,Nash,Israeli,1916,0.6233265990637088
30-39,Heart disease,Israeli,1767,0.5748528708484204
60-69,Nash,Israeli,1712,0.5569598839233139
30-39,Obesity,Israeli,1633,0.531259048158161
70+,Nash,Israeli,1418,0.4613137356327448
30-39,Diabetes,Israeli,1324,0.43073299434256285
30-39,CKD,Israeli,1118,0.3637156251321641
20-29,Heart disease,Israeli,1117,0.36339029809716217
70+,Hypertension,Moroccan,1091,0.3549317951871118
40-49,Nash,Israeli,1083,0.35232917890709636
20-29,Obesity,Israeli,1063,0.34582263820705766
70+,Heart disease,Moroccan,933,0.303530123656806
20-29,Hypertension,Israeli,926,0.30125283441179246
70+,Hypertension,Ucranian,849,0.2762026527166434
70+,Heart disease,Ucranian,757,0.2462725654964653
70+,Hypertension,Russian,724,0.23553677334140144
20-29,CKD,Israeli,683,0.22219836490632208
30-39,Dyslipidemia,Israeli,678,0.2205717297313124
70+,Hypertension,Rumanian,666,0.21666780531128918
70+,Heart disease,Russian,626,0.20365472391121175
70+,Heart disease,Rumanian,598,0.19454556693115754
30-39,Nash,Israeli,589,0.19161762361614013
20-29,Diabetes,Israeli,566,0.1841351018110956
60-69,Hypertension,Moroccan,563,0.1831591207060898
70+,Hypertension,Ethiopian,534,0.17372463669103366
70+,CKD,Moroccan,532,0.1730739826210298
70+,Dyslipidemia,Moroccan,507,0.16494080674598138
70+,Hypertension,United States,482,0.156807630870933
70+,Heart disease,Ethiopian,470,0.15290370645090978
70+,Hypertension,Iraqui,455,0.14802380092588074
60-69,Hypertension,Ucranian,450,0.14639716575087106
50-59,Hypertension,Moroccan,441,0.14346922243585364
70+,CKD,Ucranian,428,0.13923997098082846
60-69,Heart disease,Moroccan,426,0.1385893169108246
70+,Heart disease,United States,420,0.13663735470081298
70+,Diabetes,Moroccan,419,0.13631202766581105
70+,Dyslipidemia,Ucranian,381,0.1239496003357375
70+,Heart disease,Iraqui,378,0.12297361923073169
60-69,Hypertension,Russian,374,0.12167231109072395
70+,CKD,Russian,361,0.11744305963569879
70+,Hypertension,Polonian,360,0.11711773260069684
50-59,Hypertension,Ucranian,354,0.11516577039068523
70+,Dyslipidemia,Russian,352,0.11451511632068137
70+,Hypertension,Iranian,344,0.11191250004066587
60-69,Heart disease,Ucranian,340,0.11061119190065814
70+,CKD,Rumanian,339,0.1102858648656562
70+,Diabetes,Ucranian,325,0.1057312863756291
70+,Heart disease,Polonian,325,0.1057312863756291
20-29,Nash,Israeli,320,0.10410465120061942
60-69,Hypertension,Rumanian,317,0.10312867009561362
70+,Dyslipidemia,Rumanian,315,0.10247801602560974
70+,Hypertension,French,313,0.10182736195560588
50-59,Hypertension,Russian,311,0.101176707885602
70+,Heart disease,Iranian,298,0.09694745643057684
60-69,Dyslipidemia,Moroccan,298,0.09694745643057684
60-69,Heart disease,Russian,297,0.09662212939557491
70+,CKD,Ethiopian,290,0.09434484015056135
70+,Hypertension,Algerian,286,0.09304353201055361
50-59,Heart disease,Moroccan,280,0.09109156980054199
60-69,Hypertension,Ethiopian,278,0.09044091573053813
60-69,Hypertension,United States,276,0.08979026166053425
70+,Diabetes,Russian,271,0.08816362648552457
70+,Heart disease,French,267,0.08686231834551683
70+,Diabetes,Rumanian,258,0.08393437503049941
70+,Heart disease,Algerian,257,0.08360904799549747
50-59,Hypertension,Rumanian,250,0.08133175875048392
70+,Dyslipidemia,Ethiopian,248,0.08068110468048005
70+,Hypertension,Argentinian,247,0.08035577764547812
70+,CKD,United States,247,0.08035577764547812
60-69,Heart disease,Rumanian,245,0.07970512357547424
50-59,Heart disease,Ucranian,243,0.07905446950547038
60-69,Dyslipidemia,Ucranian,241,0.0784038154354665
60-69,Diabetes,Moroccan,236,0.07677718026045682
70+,CKD,Iraqui,230,0.0748252180504452
60-69,Hypertension,Iraqui,223,0.07254792880543166
60-69,CKD,Moroccan,221,0.07189727473542779
20-29,Dyslipidemia,Israeli,216,0.07027063956041811
70+,Dyslipidemia,United States,215,0.06994531252541618
70+,Heart disease,Argentinian,213,0.0692946584554123
60-69,Heart disease,Ethiopian,209,0.06799335031540456
60-69,Dyslipidemia,Russian,208,0.06766802328040263
50-59,Heart disease,Russian,202,0.065716061070391
70+,Hypertension,Yemeni,201,0.06539073403538907
40-49,Hypertension,Moroccan,201,0.06539073403538907
70+,Dyslipidemia,Iraqui,201,0.06539073403538907
70+,Diabetes,Ethiopian,198,0.06441475293038326
60-69,Heart disease,United States,196,0.0637640988603794
60-69,CKD,Ucranian,193,0.06278811775537359
50-59,Hypertension,Ethiopian,191,0.062137463685369716
60-69,Hypertension,Iranian,190,0.061812136650367784
60-69,Hypertension,Polonian,189,0.061486809615365845
50-59,Diabetes,Moroccan,189,0.061486809615365845
60-69,Diabetes,Ucranian,189,0.061486809615365845
50-59,Heart disease,Rumanian,186,0.06051082851036004
70+,CKD,Iranian,186,0.06051082851036004
50-59,Hypertension,United States,185,0.0601855014753581
50-59,Dyslipidemia,Moroccan,183,0.05953484740535423
70+,Hypertension,Turkish,180,0.05855886630034842
60-69,Heart disease,Iraqui,179,0.05823353926534649
60-69,Dyslipidemia,Rumanian,179,0.05823353926534649
50-59,CKD,Moroccan,178,0.057908212230344557
40-49,Hypertension,Ucranian,178,0.057908212230344557
70+,Diabetes,United States,177,0.05758288519534262
60-69,Diabetes,Russian,176,0.057257558160340685
70+,CKD,Polonian,173,0.056281577055334875
60-69,CKD,Russian,172,0.05595625002033294
70+,Heart disease,Turkish,169,0.05498026891532713
70+,Diabetes,Iraqui,169,0.05498026891532713
70+,Heart disease,Yemeni,166,0.05400428781032132
70+,Hypertension,German,164,0.05335363374031745
70+,Hypertension,Uzbek,161,0.05237765263531165
60-69,Dyslipidemia,Ethiopian,156,0.050751017460301966
70+,Hypertension,Tunisian,154,0.050100363390298094
70+,Hypertension,Bilorussian,154,0.050100363390298094
70+,CKD,French,153,0.04977503635529616
70+,Dyslipidemia,Polonian,151,0.04912438228529229
70+,Dyslipidemia,French,151,0.04912438228529229
50-59,Hypertension,Iraqui,151,0.04912438228529229
50-59,Dyslipidemia,Ucranian,148,0.04814840118028648
60-69,Heart disease,Iranian,148,0.04814840118028648
60-69,Heart disease,Polonian,147,0.04782307414528455
60-69,Hypertension,Argentinian,146,0.04749774711028261
50-59,CKD,Ucranian,146,0.04749774711028261
60-69,Dyslipidemia,United States,146,0.04749774711028261
40-49,Hypertension,Russian,145,0.04717242007528068
70+,Dyslipidemia,Iranian,145,0.04717242007528068
70+,Heart disease,Bilorussian,144,0.04684709304027874
50-59,Diabetes,Ucranian,143,0.046521766005276806
50-59,Hypertension,Polonian,143,0.046521766005276806
70+,Hypertension,Egyptian,143,0.046521766005276806
50-59,Heart disease,Ethiopian,141,0.045871111935272935
70+,Heart disease,German,141,0.045871111935272935
60-69,CKD,Rumanian,141,0.045871111935272935
70+,Heart disease,Tunisian,140,0.045545784900270996
60-69,Hypertension,Algerian,138,0.044895130830267124
50-59,Dyslipidemia,Russian,137,0.04456980379526519
50-59,Heart disease,United States,137,0.04456980379526519
70+,CKD,Argentinian,137,0.04456980379526519
60-69,Diabetes,Rumanian,136,0.04424447676026325
70+,Heart disease,Uzbek,132,0.04294316862025551
50-59,Hypertension,Iranian,132,0.04294316862025551
70+,CKD,Algerian,131,0.04261784158525358
60-69,Hypertension,French,131,0.04261784158525358
60-69,Obesity,Moroccan,129,0.04196718751524971
40-49,Hypertension,Rumanian,128,0.04164186048024777
70+,Hypertension,Indu,128,0.04164186048024777
70+,Hypertension,English,126,0.0409912064102439
40-49,Heart disease,Moroccan,125,0.040665879375241964
70+,Dyslipidemia,Argentinian,125,0.040665879375241964
70+,Diabetes,Polonian,125,0.040665879375241964
50-59,Obesity,Moroccan,124,0.040340552340240025
70+,Dyslipidemia,Algerian,124,0.040340552340240025
60-69,Diabetes,Ethiopian,124,0.040340552340240025
60-69,Diabetes,United States,123,0.040015225305238086
40-49,Heart disease,Ucranian,122,0.039689898270236154
60-69,Obesity,Russian,120,0.03903924420023228
50-59,Diabetes,Russian,120,0.03903924420023228
50-59,Dyslipidemia,Rumanian,118,0.03838859013022841
70+,Hypertension,Libyan,117,0.03806326309522648
50-59,Hypertension,French,116,0.03773793606022454
60-69,CKD,Ethiopian,115,0.03741260902522261
70+,Diabetes,French,115,0.0374126090252226
50-59,Hypertension,Algerian,114,0.03708728199022067
60-69,Dyslipidemia,Iraqui,113,0.03676195495521873
70+,Diabetes,Iranian,112,0.0364366279202168
50-59,Hypertension,Argentinian,112,0.0364366279202168
70+,Heart disease,English,111,0.03611130088521486
50-59,Obesity,Ucranian,111,0.03611130088521486
60-69,Obesity,Ucranian,110,0.03578597385021293
70+,Heart disease,Egyptian,109,0.03546064681521099
60-69,Heart disease,French,109,0.03546064681521099
60-69,CKD,United States,107,0.034809992745207116
50-59,CKD,Rumanian,107,0.034809992745207116
60-69,Hypertension,Yemeni,106,0.034484665710205184
40-49,Hypertension,Ethiopian,106,0.034484665710205184
50-59,CKD,Russian,105,0.034159338675203245
60-69,Heart disease,Algerian,105,0.034159338675203245
60-69,Heart disease,Argentinian,104,0.03383401164020131
50-59,Diabetes,Rumanian,104,0.03383401164020131
60-69,Hypertension,Turkish,103,0.033508684605199374
70+,Heart disease,Libyan,103,0.033508684605199374
70+,Obesity,Moroccan,103,0.033508684605199374
70+,Heart disease,Indu,102,0.03318335757019744
70+,Hypertension,Azerbaijani,100,0.03253270350019357
50-59,Heart disease,Polonian,100,0.03253270350019357
70+,CKD,Turkish,99,0.03220737646519163
50-59,Diabetes,United States,98,0.0318820494301897
60-69,Dyslipidemia,Polonian,97,0.03155672239518776
50-59,Obesity,Russian,96,0.031231395360185824
70+,Hypertension,Kazakh,96,0.031231395360185828
10-19,Heart disease,Israeli,96,0.031231395360185828
70+,Hypertension,Bulgarian,95,0.030906068325183892
50-59,Dyslipidemia,United States,95,0.03090606832518389
50-59,Heart disease,Iraqui,95,0.030906068325183892
60-69,Diabetes,Iranian,94,0.030580741290181956
70+,Dyslipidemia,Yemeni,94,0.030580741290181956
70+,Diabetes,Algerian,93,0.03025541425518002
60-69,Diabetes,Iraqui,92,0.029930087220178085
70+,Obesity,Ucranian,92,0.029930087220178085
70+,Dyslipidemia,Turkish,91,0.02960476018517615
70+,Diabetes,Argentinian,91,0.029604760185176146
50-59,Heart disease,Iranian,90,0.02927943315017421
70+,Heart disease,Azerbaijani,90,0.029279433150174214
60-69,CKD,Iranian,90,0.02927943315017421
60-69,Dyslipidemia,Iranian,90,0.02927943315017421
40-49,Obesity,Moroccan,89,0.028954106115172275
60-69,CKD,Iraqui,88,0.028628779080170343
40-49,Hypertension,Iraqui,88,0.02862877908017034
40-49,Heart disease,Rumanian,88,0.02862877908017034
40-49,Hypertension,Polonian,87,0.028303452045168404
60-69,CKD,Polonian,87,0.028303452045168404
60-69,Diabetes,Polonian,86,0.02797812501016647
40-49,Hypertension,United States,85,0.027652797975164532
50-59,Diabetes,Ethiopian,84,0.0273274709401626
60-69,Heart disease,Turkish,84,0.027327470940162597
70+,CKD,Bilorussian,84,0.027327470940162597
40-49,Heart disease,Russian,84,0.027327470940162597
70+,CKD,Yemeni,83,0.02700214390516066
70+,Hypertension,Moldavian,83,0.02700214390516066
60-69,Obesity,Rumanian,83,0.02700214390516066
50-59,CKD,Ethiopian,82,0.026676816870158725
70+,Heart disease,Bulgarian,81,0.02635148983515679
50-59,CKD,United States,81,0.02635148983515679
30-39,Hypertension,Moroccan,81,0.02635148983515679
70+,Heart disease,Kazakh,80,0.026026162800154854
70+,Hypertension,Hungarian,80,0.026026162800154854
70+,Diabetes,Turkish,80,0.026026162800154854
50-59,Hypertension,Yemeni,79,0.02570083576515292
60-69,Heart disease,Yemeni,79,0.02570083576515292
60-69,Hypertension,Egyptian,79,0.02570083576515292
70+,CKD,Tunisian,79,0.02570083576515292
70+,Dyslipidemia,German,79,0.02570083576515292
40-49,CKD,Ucranian,78,0.025375508730150983
50-59,Heart disease,French,77,0.025050181695149047
70+,Dyslipidemia,Bilorussian,77,0.025050181695149047
40-49,Diabetes,Moroccan,77,0.025050181695149047
70+,CKD,Uzbek,77,0.025050181695149047
60-69,Dyslipidemia,French,77,0.025050181695149047
40-49,Diabetes,Ucranian,75,0.024399527625145176
60-69,Hypertension,English,75,0.024399527625145176
50-59,Heart disease,Algerian,75,0.024399527625145176
70+,CKD,German,74,0.02407420059014324
60-69,Hypertension,Tunisian,74,0.02407420059014324
50-59,Heart disease,Argentinian,74,0.02407420059014324
70+,Obesity,Russian,74,0.02407420059014324
50-59,Dyslipidemia,Ethiopian,74,0.02407420059014324
70+,Obesity,Rumanian,74,0.02407420059014324
40-49,Heart disease,Ethiopian,74,0.02407420059014324
40-49,CKD,Moroccan,71,0.023098219485137433
60-69,Hypertension,Indu,71,0.023098219485137433
70+,Dyslipidemia,Uzbek,70,0.022772892450135498
50-59,Hypertension,Turkish,70,0.022772892450135498
70+,Hypertension,Sirian,68,0.022122238380131626
50-59,Diabetes,Iraqui,68,0.022122238380131626
60-69,Dyslipidemia,Argentinian,68,0.022122238380131626
60-69,Obesity,Ethiopian,67,0.02179691134512969
70+,Heart disease,Moldavian,67,0.02179691134512969
50-59,Dyslipidemia,Iraqui,67,0.02179691134512969
70+,CKD,Indu,67,0.02179691134512969
30-39,Hypertension,Ucranian,67,0.02179691134512969
60-69,Hypertension,Uzbek,66,0.021471584310127755
40-49,Hypertension,Algerian,66,0.021471584310127755
40-49,CKD,Russian,65,0.02114625727512582
50-59,Dyslipidemia,Polonian,65,0.02114625727512582
50-59,Hypertension,Uzbek,65,0.02114625727512582
70+,Hypertension,South African,65,0.02114625727512582
70+,Dyslipidemia,Egyptian,65,0.02114625727512582
70+,Heart disease,Hungarian,65,0.02114625727512582
60-69,Hypertension,Bilorussian,64,0.020820930240123884
50-59,Obesity,Rumanian,64,0.020820930240123884
60-69,Obesity,Iranian,64,0.020820930240123884
70+,Diabetes,Bilorussian,64,0.020820930240123884
50-59,Diabetes,Polonian,64,0.020820930240123884
40-49,Dyslipidemia,Moroccan,64,0.020820930240123884
70+,Dyslipidemia,English,63,0.02049560320512195
10-19,Obesity,Israeli,63,0.02049560320512195
40-49,Hypertension,Iranian,63,0.02049560320512195
70+,Diabetes,German,63,0.02049560320512195
40-49,Obesity,Russian,63,0.02049560320512195
50-59,Nash,Moroccan,63,0.02049560320512195
60-69,Dyslipidemia,Algerian,63,0.02049560320512195
50-59,Hypertension,Egyptian,62,0.020170276170120013
60-69,Hypertension,Libyan,62,0.020170276170120013
50-59,Obesity,United States,62,0.020170276170120013
50-59,Heart disease,Yemeni,62,0.020170276170120013
60-69,Nash,Moroccan,62,0.020170276170120013
60-69,Heart disease,Egyptian,62,0.020170276170120013
60-69,Heart disease,Tunisian,62,0.020170276170120013
70+,Dyslipidemia,Tunisian,62,0.020170276170120013
70+,Heart disease,South African,61,0.019844949135118077
60-69,Hypertension,German,61,0.019844949135118077
30-39,Heart disease,Moroccan,61,0.019844949135118077
70+,Diabetes,Yemeni,61,0.019844949135118077
40-49,Diabetes,Russian,60,0.01951962210011614
70+,CKD,Egyptian,60,0.01951962210011614
70+,Obesity,Ethiopian,59,0.019194295065114206
40-49,Heart disease,United States,59,0.019194295065114206
60-69,Heart disease,German,59,0.019194295065114206
60-69,Dyslipidemia,Turkish,59,0.019194295065114206
70+,Dyslipidemia,Indu,58,0.01886896803011227
50-59,Dyslipidemia,Argentinian,58,0.01886896803011227
50-59,Diabetes,Iranian,58,0.01886896803011227
70+,Diabetes,Egyptian,58,0.01886896803011227
70+,Diabetes,Tunisian,58,0.01886896803011227
50-59,CKD,Iraqui,58,0.01886896803011227
30-39,Obesity,Moroccan,58,0.01886896803011227
50-59,CKD,Polonian,58,0.01886896803011227
40-49,Dyslipidemia,Ucranian,57,0.018543640995110335
60-69,Heart disease,Uzbek,57,0.018543640995110335
60-69,Diabetes,French,57,0.018543640995110335
70+,Heart disease,Sirian,57,0.018543640995110335
40-49,Diabetes,Rumanian,57,0.018543640995110335
30-39,Obesity,Ucranian,56,0.0182183139601084
30-39,Hypertension,Russian,56,0.0182183139601084
40-49,Obesity,Ucranian,56,0.0182183139601084
70+,CKD,English,56,0.0182183139601084
50-59,Obesity,Ethiopian,56,0.0182183139601084
60-69,Obesity,United States,56,0.0182183139601084
50-59,Dyslipidemia,Iranian,55,0.017892986925106463
70+,Dyslipidemia,Libyan,55,0.017892986925106463
50-59,Diabetes,French,55,0.017892986925106463
60-69,Hypertension,Bulgarian,54,0.017567659890104528
50-59,Hypertension,German,54,0.017567659890104528
40-49,Heart disease,Polonian,54,0.017567659890104528
60-69,CKD,Argentinian,54,0.017567659890104528
60-69,Dyslipidemia,Yemeni,53,0.017242332855102592
40-49,Dyslipidemia,Russian,53,0.017242332855102592
50-59,Dyslipidemia,Algerian,53,0.017242332855102592
50-59,Nash,Ucranian,53,0.017242332855102592
40-49,Heart disease,Iraqui,53,0.017242332855102592
70+,CKD,Libyan,53,0.017242332855102592
50-59,Obesity,Polonian,53,0.017242332855102592
60-69,CKD,French,53,0.017242332855102592
50-59,Heart disease,Uzbek,52,0.016917005820100656
60-69,Nash,Ucranian,52,0.016917005820100656
50-59,Hypertension,English,52,0.016917005820100656
30-39,Heart disease,Ucranian,52,0.016917005820100656
60-69,CKD,Algerian,52,0.016917005820100656
40-49,CKD,Rumanian,51,0.01659167878509872
60-69,Diabetes,Argentinian,51,0.01659167878509872
60-69,Obesity,Polonian,51,0.01659167878509872
50-59,CKD,French,50,0.016266351750096785
50-59,Hypertension,Bilorussian,50,0.016266351750096785
60-69,Heart disease,Indu,50,0.016266351750096785
60-69,Heart disease,English,50,0.016266351750096785
40-49,Hypertension,French,50,0.016266351750096785
50-59,Obesity,Iraqui,50,0.016266351750096785
70+,Diabetes,Uzbek,50,0.016266351750096785
70+,Obesity,Polonian,50,0.016266351750096785
60-69,CKD,Turkish,49,0.01594102471509485
60-69,Heart disease,Bilorussian,49,0.01594102471509485
50-59,Diabetes,Algerian,49,0.01594102471509485
50-59,Heart disease,Turkish,49,0.01594102471509485
60-69,Diabetes,Yemeni,49,0.01594102471509485
60-69,Obesity,Iraqui,49,0.01594102471509485
50-59,Dyslipidemia,French,48,0.015615697680092914
50-59,CKD,Iranian,48,0.015615697680092914
40-49,Obesity,Rumanian,48,0.015615697680092914
70+,CKD,Azerbaijani,47,0.015290370645090978
60-69,Hypertension,Kazakh,47,0.015290370645090978
50-59,Hypertension,Bulgarian,47,0.015290370645090978
60-69,Hypertension,Hungarian,47,0.015290370645090978
40-49,Hypertension,Argentinian,47,0.015290370645090978
70+,Hypertension,Georgian,46,0.014965043610089043
40-49,CKD,Ethiopian,46,0.01496504361008904
60-69,Diabetes,Algerian,46,0.01496504361008904
60-69,Dyslipidemia,Egyptian,46,0.01496504361008904
20-29,Heart disease,Moroccan,45,0.014639716575087105
50-59,Nash,Russian,45,0.014639716575087105
30-39,Hypertension,Rumanian,45,0.014639716575087105
60-69,Heart disease,Libyan,45,0.014639716575087107
40-49,Dyslipidemia,Rumanian,44,0.01431438954008517
50-59,Diabetes,Argentinian,44,0.014314389540085171
70+,Diabetes,Indu,44,0.01431438954008517
60-69,CKD,Yemeni,44,0.01431438954008517
40-49,Dyslipidemia,Ethiopian,44,0.014314389540085171
70+,Dyslipidemia,Kazakh,44,0.014314389540085171
70+,Dyslipidemia,Moldavian,44,0.01431438954008517
50-59,Hypertension,Kazakh,44,0.014314389540085171
70+,Dyslipidemia,Azerbaijani,44,0.014314389540085171
40-49,Diabetes,Ethiopian,44,0.01431438954008517
40-49,Diabetes,Iraqui,43,0.013989062505083236
70+,Obesity,United States,43,0.013989062505083234
70+,Dyslipidemia,Bulgarian,43,0.013989062505083236
10-19,CKD,Israeli,42,0.013663735470081298
50-59,Hypertension,Tunisian,42,0.013663735470081298
60-69,Obesity,French,42,0.0136637354700813
70+,Diabetes,Libyan,42,0.013663735470081298
70+,CKD,Bulgarian,42,0.013663735470081298
30-39,CKD,Moroccan,42,0.013663735470081298
50-59,Obesity,Iranian,42,0.013663735470081298
70+,Nash,Ucranian,42,0.013663735470081298
50-59,Dyslipidemia,Yemeni,42,0.0136637354700813
60-69,Diabetes,Turkish,41,0.013338408435079363
40-49,Obesity,Ethiopian,41,0.013338408435079363
70+,Obesity,Iraqui,41,0.013338408435079363
20-29,Obesity,Moroccan,41,0.013338408435079363
50-59,Heart disease,English,41,0.013338408435079363
70+,CKD,Hungarian,41,0.013338408435079363
70+,CKD,Moldavian,41,0.013338408435079363
30-39,Obesity,Rumanian,41,0.013338408435079363
70+,Obesity,French,41,0.013338408435079363
40-49,Heart disease,Argentinian,40,0.013013081400077427
60-69,Heart disease,Bulgarian,40,0.013013081400077427
30-39,Heart disease,Rumanian,40,0.013013081400077429
50-59,Heart disease,Bilorussian,40,0.013013081400077427
50-59,Heart disease,German,40,0.013013081400077427
70+,Dyslipidemia,Hungarian,40,0.013013081400077427
60-69,Hypertension,Azerbaijani,40,0.013013081400077427
50-59,CKD,Algerian,39,0.012687754365075491
40-49,Dyslipidemia,United States,39,0.012687754365075491
50-59,Nash,Ethiopian,38,0.012362427330073556
40-49,Dyslipidemia,Polonian,38,0.012362427330073556
40-49,Obesity,United States,38,0.012362427330073556
60-69,Hypertension,South African,38,0.012362427330073556
40-49,Obesity,Iraqui,38,0.012362427330073556
70+,Nash,Moroccan,38,0.012362427330073556
50-59,Heart disease,Egyptian,38,0.012362427330073556
40-49,Nash,Ucranian,38,0.012362427330073556
50-59,Hypertension,Libyan,38,0.012362427330073556
70+,CKD,Kazakh,38,0.012362427330073556
40-49,CKD,Iraqui,38,0.012362427330073556
30-39,Obesity,Russian,38,0.012362427330073556
60-69,CKD,German,37,0.01203710029507162
40-49,CKD,Polonian,37,0.01203710029507162
50-59,CKD,Argentinian,37,0.01203710029507162
30-39,Diabetes,Moroccan,37,0.01203710029507162
40-49,Dyslipidemia,Iraqui,37,0.01203710029507162
70+,Nash,Russian,36,0.011711773260069685
70+,Diabetes,Hungarian,36,0.011711773260069685
60-69,Obesity,Argentinian,36,0.011711773260069685
60-69,Nash,Rumanian,36,0.011711773260069685
50-59,Obesity,French,36,0.011711773260069685
30-39,Obesity,Ethiopian,36,0.011711773260069685
60-69,Dyslipidemia,Libyan,36,0.011711773260069685
60-69,Dyslipidemia,English,35,0.011386446225067749
40-49,Heart disease,Iranian,35,0.011386446225067749
70+,Obesity,Iranian,35,0.011386446225067749
50-59,Hypertension,Indu,35,0.011386446225067749
60-69,Diabetes,German,35,0.011386446225067749
70+,Diabetes,English,35,0.011386446225067749
50-59,Nash,United States,35,0.011386446225067749
60-69,Dyslipidemia,Tunisian,35,0.011386446225067749
60-69,Heart disease,Kazakh,35,0.011386446225067749
50-59,Obesity,Algerian,35,0.011386446225067749
70+,Diabetes,Azerbaijani,34,0.011061119190065813
20-29,Heart disease,Russian,34,0.011061119190065813
40-49,Hypertension,Yemeni,34,0.011061119190065813
40-49,Diabetes,United States,34,0.011061119190065813
60-69,Hypertension,Sirian,34,0.011061119190065813
70+,Heart disease,Georgian,34,0.011061119190065813
50-59,Obesity,Argentinian,34,0.011061119190065813
60-69,Dyslipidemia,Uzbek,34,0.011061119190065813
50-59,Hypertension,Hungarian,33,0.010735792155063878
40-49,Heart disease,Algerian,33,0.010735792155063878
60-69,Dyslipidemia,German,33,0.010735792155063878
20-29,Hypertension,Moroccan,33,0.010735792155063878
60-69,Obesity,Algerian,33,0.010735792155063878
60-69,Hypertension,Moldavian,33,0.010735792155063878
20-29,Obesity,Russian,33,0.010735792155063878
50-59,Nash,Rumanian,33,0.010735792155063878
10-19,Hypertension,Israeli,33,0.010735792155063878
70+,Diabetes,Kazakh,33,0.010735792155063878
60-69,Hypertension,Georgian,33,0.010735792155063878
30-39,Dyslipidemia,Moroccan,33,0.010735792155063878
30-39,Heart disease,Russian,33,0.010735792155063878
50-59,Heart disease,Indu,32,0.010410465120061942
30-39,Hypertension,Ethiopian,32,0.010410465120061942
50-59,Heart disease,Tunisian,32,0.010410465120061942
60-69,CKD,Tunisian,32,0.010410465120061942
50-59,Dyslipidemia,Egyptian,32,0.010410465120061942
70+,CKD,South African,32,0.010410465120061942
60-69,Heart disease,Azerbaijani,32,0.010410465120061942
50-59,CKD,Yemeni,32,0.010410465120061942
40-49,Nash,Moroccan,31,0.010085138085060006
60-69,Heart disease,South African,31,0.010085138085060006
60-69,CKD,Bulgarian,31,0.010085138085060006
40-49,Diabetes,Polonian,31,0.010085138085060006
30-39,Hypertension,Iraqui,31,0.010085138085060006
60-69,Dyslipidemia,Indu,31,0.010085138085060006
70+,Dyslipidemia,South African,31,0.010085138085060006
70+,Diabetes,Moldavian,31,0.010085138085060006
30-39,Diabetes,Ethiopian,31,0.010085138085060006
50-59,Dyslipidemia,Uzbek,31,0.010085138085060006
40-49,Obesity,Polonian,31,0.010085138085060006
50-59,Obesity,Yemeni,30,0.00975981105005807
60-69,Dyslipidemia,Bilorussian,30,0.00975981105005807
50-59,Heart disease,Kazakh,30,0.00975981105005807
60-69,CKD,Uzbek,30,0.00975981105005807
50-59,Hypertension,Moldavian,30,0.00975981105005807
40-49,CKD,United States,30,0.00975981105005807
50-59,Diabetes,Yemeni,30,0.00975981105005807
30-39,Diabetes,Ucranian,30,0.00975981105005807
70+,CKD,Sirian,30,0.00975981105005807
60-69,Dyslipidemia,South African,30,0.00975981105005807
50-59,Dyslipidemia,Turkish,29,0.009434484015056135
60-69,Diabetes,Uzbek,29,0.009434484015056135
50-59,Heart disease,Bulgarian,29,0.009434484015056135
60-69,Diabetes,Tunisian,29,0.009434484015056135
70+,Nash,Rumanian,29,0.009434484015056135
60-69,Dyslipidemia,Hungarian,29,0.009434484015056135
70+,Obesity,Algerian,29,0.009434484015056135
60-69,Diabetes,English,29,0.009434484015056135
40-49,Hypertension,Tunisian,29,0.009434484015056135
40-49,Obesity,Iranian,29,0.009434484015056135
40-49,Nash,Russian,28,0.0091091569800542
70+,CKD,Georgian,28,0.0091091569800542
60-69,CKD,English,28,0.0091091569800542
50-59,Diabetes,Egyptian,28,0.0091091569800542
30-39,Diabetes,Russian,28,0.0091091569800542
60-69,Heart disease,Hungarian,28,0.0091091569800542
40-49,Hypertension,Turkish,28,0.0091091569800542
30-39,Diabetes,Rumanian,28,0.0091091569800542
60-69,Diabetes,Indu,28,0.0091091569800542
40-49,Diabetes,Algerian,28,0.0091091569800542
30-39,Heart disease,Ethiopian,28,0.0091091569800542
50-59,Nash,Iraqui,28,0.0091091569800542
30-39,Heart disease,United States,28,0.0091091569800542
30-39,Heart disease,Iranian,28,0.0091091569800542
50-59,Hypertension,South African,27,0.008783829945052264
60-69,Diabetes,Egyptian,27,0.008783829945052264
20-29,Obesity,Ucranian,27,0.008783829945052264
50-59,Obesity,Uzbek,27,0.008783829945052264
30-39,Hypertension,Iranian,27,0.008783829945052264
50-59,Dyslipidemia,English,27,0.008783829945052264
60-69,CKD,Bilorussian,27,0.008783829945052264
60-69,Dyslipidemia,Bulgarian,27,0.008783829945052264
40-49,Dyslipidemia,Algerian,27,0.008783829945052264
70+,Diabetes,Bulgarian,27,0.008783829945052264
50-59,Hypertension,Azerbaijani,27,0.008783829945052264
40-49,Hypertension,Egyptian,27,0.008783829945052264
70+,Dyslipidemia,Sirian,27,0.008783829945052264
50-59,CKD,Turkish,27,0.008783829945052264
50-59,Diabetes,Turkish,27,0.008783829945052264
20-29,Obesity,Rumanian,26,0.008458502910050328
60-69,Diabetes,Bilorussian,26,0.008458502910050328
50-59,CKD,Egyptian,26,0.008458502910050328
40-49,Hypertension,Indu,26,0.008458502910050328
60-69,CKD,Libyan,26,0.008458502910050328
60-69,Obesity,Turkish,26,0.008458502910050328
40-49,Heart disease,French,26,0.008458502910050328
30-39,Hypertension,United States,26,0.008458502910050328
40-49,Nash,Rumanian,26,0.008458502910050328
20-29,Hypertension,Rumanian,26,0.008458502910050328
40-49,Dyslipidemia,Iranian,26,0.008458502910050328
40-49,CKD,Algerian,25,0.008133175875048393
20-29,Heart disease,Rumanian,25,0.008133175875048393
60-69,CKD,Indu,25,0.008133175875048393
60-69,CKD,Egyptian,25,0.008133175875048393
30-39,Heart disease,Iraqui,25,0.008133175875048393
20-29,Hypertension,Ucranian,25,0.008133175875048393
70+,Obesity,Turkish,25,0.008133175875048393
70+,Obesity,Yemeni,25,0.008133175875048393
20-29,Heart disease,Ucranian,25,0.008133175875048393
50-59,CKD,English,25,0.008133175875048393
60-69,Dyslipidemia,Azerbaijani,25,0.008133175875048393
20-29,Heart disease,United States,25,0.008133175875048393
20-29,CKD,Moroccan,25,0.008133175875048393
50-59,Diabetes,Uzbek,25,0.008133175875048393
70+,Obesity,Argentinian,24,0.007807848840046457
60-69,Heart disease,Sirian,24,0.007807848840046457
60-69,Diabetes,Libyan,24,0.007807848840046457
70+,Diabetes,South African,24,0.007807848840046456
10-19,Diabetes,Israeli,24,0.007807848840046457
30-39,CKD,Ucranian,24,0.007807848840046457
50-59,Dyslipidemia,Tunisian,24,0.007807848840046457
30-39,CKD,Russian,24,0.007807848840046457
50-59,Diabetes,English,24,0.007807848840046457
30-39,Hypertension,Algerian,23,0.007482521805044521
50-59,Dyslipidemia,German,23,0.007482521805044521
30-39,Dyslipidemia,Ucranian,23,0.00748252180504452
50-59,Dyslipidemia,Indu,23,0.00748252180504452
40-49,Heart disease,Turkish,23,0.007482521805044521
60-69,Nash,Ethiopian,23,0.007482521805044521
40-49,Hypertension,Uzbek,23,0.007482521805044521
60-69,Diabetes,Azerbaijani,23,0.00748252180504452
50-59,Heart disease,Hungarian,23,0.007482521805044521
40-49,Heart disease,Tunisian,23,0.007482521805044521
50-59,Heart disease,Libyan,23,0.00748252180504452
40-49,Obesity,Algerian,23,0.007482521805044521
40-49,Obesity,Argentinian,23,0.00748252180504452
50-59,Heart disease,Moldavian,23,0.007482521805044521
20-29,Diabetes,Moroccan,22,0.007157194770042585
30-39,Obesity,United States,22,0.007157194770042586
50-59,Heart disease,South African,22,0.007157194770042586
70+,Nash,Ethiopian,22,0.007157194770042585
60-69,Heart disease,Georgian,22,0.007157194770042585
20-29,CKD,Ucranian,22,0.007157194770042586
40-49,Nash,Polonian,22,0.007157194770042586
50-59,CKD,Uzbek,22,0.007157194770042585
40-49,Heart disease,Egyptian,22,0.007157194770042585
50-59,Hypertension,Sirian,22,0.007157194770042585
60-69,Nash,Russian,22,0.007157194770042586
30-39,CKD,Rumanian,22,0.007157194770042586
20-29,Obesity,Ethiopian,22,0.007157194770042585
30-39,Nash,Rumanian,21,0.006831867735040649
50-59,CKD,German,21,0.006831867735040649
40-49,Heart disease,German,21,0.006831867735040649
20-29,Obesity,Iraqui,21,0.006831867735040649
30-39,CKD,United States,21,0.006831867735040649
50-59,Nash,Polonian,21,0.006831867735040649
70+,Nash,Polonian,21,0.006831867735040649
50-59,Nash,Yemeni,21,0.006831867735040649
50-59,Diabetes,Bilorussian,21,0.006831867735040649
50-59,Hypertension,Georgian,21,0.006831867735040649
70+,Nash,United States,21,0.006831867735040649
30-39,Hypertension,Polonian,21,0.006831867735040649
20-29,Obesity,United States,21,0.006831867735040649
50-59,Heart disease,Georgian,20,0.0065065407000387135
30-39,Diabetes,Iraqui,20,0.0065065407000387135
70+,Dyslipidemia,Georgian,20,0.0065065407000387135
60-69,CKD,Hungarian,20,0.0065065407000387135
70+,Obesity,Bilorussian,20,0.0065065407000387135
70+,Obesity,German,20,0.0065065407000387135
60-69,Dyslipidemia,Kazakh,20,0.0065065407000387135
30-39,Hypertension,Argentinian,20,0.0065065407000387135
60-69,Obesity,Bilorussian,20,0.0065065407000387135
30-39,Obesity,Polonian,20,0.0065065407000387135
70+,Diabetes,Sirian,20,0.0065065407000387135
40-49,Nash,Ethiopian,20,0.0065065407000387135
40-49,Heart disease,Yemeni,20,0.0065065407000387135
30-39,Dyslipidemia,Rumanian,20,0.0065065407000387135
60-69,Nash,Iraqui,20,0.0065065407000387135
40-49,Hypertension,English,20,0.0065065407000387135
50-59,Diabetes,Kazakh,20,0.0065065407000387135
60-69,Diabetes,Bulgarian,20,0.0065065407000387135
30-39,CKD,Ethiopian,20,0.0065065407000387135
60-69,CKD,South African,20,0.0065065407000387135
60-69,Nash,Polonian,20,0.0065065407000387135
50-59,Dyslipidemia,Bilorussian,20,0.0065065407000387135
50-59,Dyslipidemia,Bulgarian,20,0.0065065407000387135
40-49,Dyslipidemia,Yemeni,20,0.0065065407000387135
50-59,Heart disease,Azerbaijani,19,0.006181213665036778
50-59,CKD,Bulgarian,19,0.006181213665036778
30-39,Hypertension,French,19,0.006181213665036778
60-69,Heart disease,Moldavian,19,0.006181213665036778
50-59,CKD,Tunisian,19,0.006181213665036778
50-59,Dyslipidemia,Kazakh,19,0.006181213665036778
40-49,Obesity,Tunisian,19,0.006181213665036778
70+,Diabetes,Georgian,19,0.006181213665036778
20-29,Hypertension,United States,19,0.006181213665036778
30-39,Nash,Moroccan,19,0.006181213665036778
30-39,Nash,Ucranian,19,0.006181213665036778
40-49,Hypertension,German,19,0.006181213665036778
60-69,Obesity,Egyptian,19,0.006181213665036778
60-69,Obesity,English,19,0.006181213665036778
50-59,Nash,French,19,0.006181213665036778
60-69,Nash,Iranian,19,0.006181213665036778
40-49,Diabetes,Iranian,19,0.006181213665036778
40-49,Hypertension,Bilorussian,18,0.005855886630034842
50-59,Obesity,Turkish,18,0.005855886630034842
40-49,Heart disease,English,18,0.005855886630034842
30-39,Dyslipidemia,Russian,18,0.005855886630034842
60-69,Nash,Argentinian,18,0.005855886630034842
30-39,Obesity,Iraqui,18,0.005855886630034842
30-39,Diabetes,Iranian,18,0.005855886630034842
60-69,Nash,United States,18,0.005855886630034842
40-49,Obesity,Yemeni,18,0.005855886630034842
40-49,CKD,French,18,0.005855886630034842
30-39,Dyslipidemia,Ethiopian,18,0.005855886630034842
60-69,Dyslipidemia,Moldavian,18,0.005855886630034842
40-49,CKD,Argentinian,18,0.005855886630034842
30-39,Heart disease,Polonian,18,0.005855886630034842
70+,Obesity,Egyptian,18,0.005855886630034842
60-69,Dyslipidemia,Sirian,18,0.005855886630034842
40-49,Diabetes,French,17,0.005530559595032907
30-39,Diabetes,United States,17,0.005530559595032907
50-59,Nash,Algerian,17,0.005530559595032907
40-49,Hypertension,Hungarian,17,0.005530559595032907
50-59,Diabetes,Indu,17,0.005530559595032907
30-39,Obesity,Argentinian,17,0.005530559595032907
50-59,Diabetes,Tunisian,17,0.005530559595032907
30-39,Obesity,Iranian,17,0.005530559595032907
40-49,CKD,Iranian,17,0.005530559595032907
60-69,Obesity,Yemeni,17,0.005530559595032907
50-59,Dyslipidemia,Libyan,17,0.005530559595032907
50-59,Dyslipidemia,Azerbaijani,17,0.005530559595032907
30-39,Heart disease,French,17,0.005530559595032907
30-39,CKD,Iraqui,17,0.005530559595032907
70+,Obesity,Libyan,17,0.005530559595032907
50-59,Nash,Iranian,17,0.005530559595032907
40-49,CKD,Egyptian,17,0.005530559595032907
60-69,Diabetes,Hungarian,17,0.005530559595032907
20-29,Hypertension,Ethiopian,17,0.005530559595032907
20-29,Hypertension,Russian,17,0.005530559595032907
60-69,Diabetes,South African,16,0.005205232560030971
70+,Nash,Algerian,16,0.005205232560030971
30-39,Heart disease,Algerian,16,0.005205232560030971
50-59,Heart disease,Sirian,16,0.005205232560030971
50-59,CKD,Kazakh,16,0.005205232560030971
60-69,CKD,Azerbaijani,16,0.005205232560030971
60-69,Obesity,Indu,16,0.005205232560030971
40-49,Diabetes,Argentinian,16,0.005205232560030971
40-49,Diabetes,Yemeni,16,0.005205232560030971
20-29,CKD,Russian,16,0.005205232560030971
40-49,CKD,Yemeni,16,0.005205232560030971
40-49,Heart disease,Uzbek,16,0.005205232560030971
40-49,Dyslipidemia,French,16,0.005205232560030971
70+,Obesity,Indu,16,0.005205232560030971
70+,Obesity,Uzbek,16,0.005205232560030971
70+,Nash,Iraqui,16,0.005205232560030971
50-59,Diabetes,Bulgarian,16,0.005205232560030971
50-59,Obesity,Bilorussian,16,0.005205232560030971
40-49,Hypertension,Kazakh,16,0.005205232560030971
40-49,Obesity,French,16,0.005205232560030971
30-39,Hypertension,Bilorussian,16,0.005205232560030971
70+,Nash,Iranian,16,0.005205232560030971
40-49,Hypertension,Libyan,15,0.004879905525029035
50-59,Obesity,English,15,0.004879905525029035
20-29,Diabetes,Russian,15,0.004879905525029035
60-69,Dyslipidemia,Georgian,15,0.004879905525029035
40-49,Nash,Iranian,15,0.004879905525029035
40-49,Heart disease,Bilorussian,15,0.004879905525029035
50-59,CKD,Indu,15,0.004879905525029035
30-39,CKD,Polonian,15,0.004879905525029035
70+,Obesity,Tunisian,15,0.004879905525029035
20-29,Diabetes,United States,15,0.004879905525029035
40-49,Nash,United States,15,0.004879905525029035
20-29,Heart disease,Ethiopian,15,0.004879905525029035
50-59,Obesity,Indu,15,0.004879905525029035
40-49,CKD,Turkish,15,0.004879905525029035
50-59,Obesity,Bulgarian,15,0.004879905525029035
70+,Nash,Argentinian,14,0.0045545784900271
40-49,Hypertension,South African,14,0.0045545784900271
50-59,Obesity,Azerbaijani,14,0.0045545784900271
60-69,CKD,Georgian,14,0.0045545784900271
50-59,Dyslipidemia,South African,14,0.0045545784900271
40-49,Dyslipidemia,Argentinian,14,0.0045545784900271
30-39,CKD,Iranian,14,0.0045545784900271
40-49,Diabetes,Turkish,14,0.0045545784900271
20-29,Heart disease,Iraqui,14,0.0045545784900271
60-69,Obesity,Uzbek,14,0.0045545784900271
40-49,Heart disease,Indu,14,0.0045545784900271
60-69,Diabetes,Kazakh,14,0.0045545784900271
50-59,Dyslipidemia,Hungarian,14,0.0045545784900271
20-29,Heart disease,Algerian,14,0.0045545784900271
60-69,Obesity,German,14,0.0045545784900271
30-39,Nash,Ethiopian,14,0.0045545784900271
40-49,Obesity,Bilorussian,14,0.0045545784900271
50-59,Nash,Turkish,14,0.0045545784900271
40-49,Diabetes,Tunisian,13,0.004229251455025164
20-29,Heart disease,Polonian,13,0.004229251455025164
30-39,Dyslipidemia,Iraqui,13,0.004229251455025164
40-49,CKD,Tunisian,13,0.004229251455025164
60-69,Obesity,Kazakh,13,0.004229251455025164
70+,Obesity,Kazakh,13,0.004229251455025164
30-39,Diabetes,Algerian,13,0.004229251455025164
40-49,CKD,Uzbek,13,0.004229251455025164
60-69,Obesity,Libyan,13,0.004229251455025164
50-59,Obesity,Egyptian,13,0.004229251455025164
40-49,Hypertension,Azerbaijani,13,0.004229251455025164
60-69,CKD,Kazakh,13,0.004229251455025164
50-59,Diabetes,South African,13,0.004229251455025164
30-39,Hypertension,Uzbek,13,0.004229251455025164
50-59,CKD,Moldavian,13,0.004229251455025164
30-39,Diabetes,Polonian,13,0.004229251455025164
20-29,Heart disease,French,13,0.004229251455025164
20-29,CKD,French,13,0.004229251455025164
20-29,Diabetes,Ucranian,13,0.004229251455025164
20-29,Diabetes,Rumanian,13,0.004229251455025164
50-59,Obesity,German,13,0.004229251455025164
40-49,Heart disease,Kazakh,13,0.004229251455025164
50-59,Nash,Uzbek,12,0.0039039244200232285
40-49,Obesity,Turkish,12,0.0039039244200232285
60-69,Obesity,Hungarian,12,0.0039039244200232285
20-29,Obesity,Algerian,12,0.0039039244200232285
50-59,Diabetes,Libyan,12,0.003903924420023228
50-59,Diabetes,Moldavian,12,0.0039039244200232285
20-29,Diabetes,Iraqui,12,0.003903924420023228
40-49,Nash,Argentinian,12,0.0039039244200232285
20-29,CKD,United States,12,0.0039039244200232285
40-49,Nash,Algerian,12,0.0039039244200232285
50-59,Nash,Argentinian,12,0.0039039244200232285
20-29,Obesity,Polonian,12,0.0039039244200232285
60-69,Obesity,Tunisian,12,0.0039039244200232285
40-49,Dyslipidemia,Tunisian,12,0.003903924420023228
50-59,Dyslipidemia,Moldavian,12,0.0039039244200232285
20-29,CKD,Argentinian,12,0.003903924420023228
60-69,Diabetes,Georgian,12,0.003903924420023228
50-59,Obesity,Kazakh,12,0.003903924420023228
10-19,Nash,Israeli,12,0.003903924420023228
40-49,Diabetes,Bilorussian,11,0.0035785973850212924
20-29,Hypertension,French,11,0.003578597385021293
70+,Obesity,Sirian,11,0.0035785973850212924
30-39,Hypertension,Tunisian,11,0.0035785973850212924
30-39,Diabetes,French,11,0.0035785973850212924
60-69,Nash,English,11,0.003578597385021293
40-49,Dyslipidemia,Bilorussian,11,0.0035785973850212924
40-49,CKD,Indu,11,0.0035785973850212924
50-59,CKD,South African,11,0.0035785973850212924
60-69,Obesity,Bulgarian,11,0.003578597385021293
30-39,Nash,Russian,11,0.0035785973850212924
60-69,Diabetes,Sirian,11,0.003578597385021293
40-49,Obesity,German,11,0.0035785973850212924
70+,Nash,French,11,0.0035785973850212924
40-49,Hypertension,Bulgarian,11,0.0035785973850212924
20-29,Heart disease,Bilorussian,11,0.0035785973850212924
30-39,Obesity,Algerian,11,0.0035785973850212924
20-29,CKD,Rumanian,11,0.0035785973850212924
10-19,Dyslipidemia,Israeli,11,0.003578597385021293
30-39,CKD,Argentinian,11,0.0035785973850212924
70+,Nash,Turkish,11,0.0035785973850212924
50-59,Obesity,Libyan,11,0.0035785973850212924
30-39,Hypertension,English,11,0.0035785973850212924
30-39,Dyslipidemia,United States,11,0.0035785973850212924
30-39,Hypertension,Yemeni,11,0.003578597385021293
40-49,Heart disease,Bulgarian,11,0.0035785973850212924
20-29,Hypertension,Iraqui,11,0.0035785973850212924
50-59,Nash,Tunisian,11,0.0035785973850212924
60-69,Obesity,Azerbaijani,11,0.0035785973850212924
50-59,CKD,Libyan,11,0.0035785973850212924
70+,Obesity,Bulgarian,11,0.0035785973850212924
50-59,CKD,Georgian,11,0.0035785973850212924
70+,Obesity,Azerbaijani,10,0.0032532703500193568
50-59,Dyslipidemia,Sirian,10,0.0032532703500193568
30-39,Hypertension,Indu,10,0.0032532703500193568
30-39,Hypertension,Egyptian,10,0.0032532703500193568
30-39,Heart disease,Turkish,10,0.0032532703500193568
30-39,Heart disease,Tunisian,10,0.0032532703500193568
30-39,Heart disease,Libyan,10,0.0032532703500193568
30-39,Heart disease,Bilorussian,10,0.0032532703500193568
60-69,Nash,Algerian,10,0.0032532703500193568
60-69,Nash,Libyan,10,0.0032532703500193568
60-69,Nash,Turkish,10,0.0032532703500193568
60-69,Obesity,Georgian,10,0.0032532703500193568
60-69,Obesity,Sirian,10,0.0032532703500193568
30-39,CKD,Algerian,10,0.0032532703500193568
20-29,Hypertension,Algerian,10,0.0032532703500193568
20-29,Diabetes,Ethiopian,10,0.0032532703500193568
20-29,CKD,Iraqui,10,0.0032532703500193568
70+,Nash,Bilorussian,10,0.0032532703500193568
50-59,Diabetes,German,10,0.0032532703500193568
30-39,Hypertension,German,10,0.0032532703500193568
30-39,Hypertension,Turkish,10,0.0032532703500193568
40-49,Diabetes,Indu,10,0.0032532703500193568
50-59,CKD,Azerbaijani,10,0.0032532703500193568
60-69,CKD,Sirian,10,0.0032532703500193568
40-49,Hypertension,Georgian,10,0.0032532703500193568
40-49,Heart disease,South African,10,0.0032532703500193568
40-49,Heart disease,Libyan,10,0.003253270350019357
30-39,Obesity,Bilorussian,10,0.0032532703500193568
40-49,Diabetes,Uzbek,10,0.0032532703500193568
40-49,Dyslipidemia,Uzbek,10,0.0032532703500193568
40-49,Diabetes,Egyptian,10,0.0032532703500193568
40-49,CKD,English,10,0.003253270350019357
40-49,CKD,Bilorussian,10,0.0032532703500193568
30-39,Obesity,Yemeni,10,0.0032532703500193568
30-39,Obesity,French,10,0.0032532703500193568
60-69,Nash,French,9,0.002927943315017421
50-59,Obesity,Tunisian,9,0.002927943315017421
50-59,Obesity,South African,9,0.002927943315017421
60-69,Diabetes,Moldavian,9,0.002927943315017421
70+,Nash,Yemeni,9,0.002927943315017421
70+,Obesity,Hungarian,9,0.002927943315017421
70+,Obesity,Moldavian,9,0.002927943315017421
40-49,Obesity,Libyan,9,0.002927943315017421
40-49,Hypertension,Moldavian,9,0.002927943315017421
50-59,Diabetes,Azerbaijani,9,0.002927943315017421
50-59,Diabetes,Georgian,9,0.002927943315017421
50-59,CKD,Bilorussian,9,0.002927943315017421
30-39,Diabetes,Argentinian,9,0.002927943315017421
40-49,Diabetes,South African,9,0.002927943315017421
40-49,Dyslipidemia,Egyptian,9,0.002927943315017421
20-29,CKD,Ethiopian,9,0.002927943315017421
40-49,Dyslipidemia,Kazakh,9,0.002927943315017421
40-49,Dyslipidemia,Turkish,9,0.002927943315017421
40-49,Heart disease,Moldavian,9,0.002927943315017421
40-49,Obesity,Egyptian,9,0.002927943315017421
20-29,Heart disease,Argentinian,9,0.002927943315017421
20-29,Heart disease,Iranian,9,0.002927943315017421
40-49,Nash,English,9,0.002927943315017421
20-29,Nash,United States,9,0.002927943315017421
20-29,Nash,Moroccan,9,0.002927943315017421
40-49,Diabetes,Bulgarian,9,0.002927943315017421
50-59,CKD,Sirian,9,0.002927943315017421
50-59,Dyslipidemia,Georgian,9,0.002927943315017421
50-59,Nash,Egyptian,9,0.002927943315017421
30-39,Heart disease,Yemeni,9,0.002927943315017421
50-59,Nash,Bilorussian,9,0.002927943315017421
30-39,Dyslipidemia,Algerian,9,0.002927943315017421
40-49,Nash,Kazakh,9,0.002927943315017421
40-49,CKD,Libyan,9,0.002927943315017421
30-39,Diabetes,German,8,0.0026026162800154855
30-39,Obesity,Tunisian,8,0.0026026162800154855
30-39,Hypertension,Libyan,8,0.0026026162800154855
40-49,Diabetes,German,8,0.0026026162800154855
20-29,Obesity,Argentinian,8,0.0026026162800154855
30-39,Obesity,Egyptian,8,0.0026026162800154855
30-39,Obesity,German,8,0.0026026162800154855
30-39,Heart disease,Argentinian,8,0.0026026162800154855
30-39,Dyslipidemia,Turkish,8,0.0026026162800154855
30-39,Nash,Iranian,8,0.0026026162800154855
40-49,Heart disease,Georgian,8,0.0026026162800154855
40-49,CKD,Hungarian,8,0.0026026162800154855
60-69,Nash,Egyptian,8,0.0026026162800154855
30-39,Dyslipidemia,Argentinian,8,0.0026026162800154855
20-29,Hypertension,Argentinian,8,0.0026026162800154855
60-69,Obesity,Moldavian,8,0.0026026162800154855
30-39,Diabetes,Yemeni,8,0.0026026162800154855
40-49,Dyslipidemia,Bulgarian,8,0.0026026162800154855
40-49,CKD,German,8,0.0026026162800154855
40-49,Dyslipidemia,Indu,8,0.0026026162800154855
50-59,Obesity,Hungarian,8,0.0026026162800154855
50-59,Nash,Bulgarian,8,0.0026026162800154855
70+,Nash,Uzbek,8,0.0026026162800154855
40-49,Obesity,Moldavian,8,0.0026026162800154855
20-29,CKD,Iranian,8,0.0026026162800154855
60-69,CKD,Moldavian,8,0.0026026162800154855
40-49,Obesity,South African,8,0.0026026162800154855
70+,Nash,German,8,0.0026026162800154855
20-29,CKD,Algerian,8,0.0026026162800154855
20-29,Heart disease,Tunisian,8,0.0026026162800154855
70+,Obesity,English,8,0.0026026162800154855
30-39,Dyslipidemia,Polonian,7,0.00227728924501355
40-49,Diabetes,Georgian,7,0.00227728924501355
30-39,CKD,Yemeni,7,0.00227728924501355
40-49,Obesity,Uzbek,7,0.00227728924501355
50-59,Obesity,Moldavian,7,0.00227728924501355
70+,Nash,Bulgarian,7,0.00227728924501355
70+,Obesity,Georgian,7,0.00227728924501355
50-59,CKD,Hungarian,7,0.00227728924501355
60-69,Nash,Yemeni,7,0.00227728924501355
40-49,Diabetes,Hungarian,7,0.00227728924501355
50-59,Diabetes,Hungarian,7,0.00227728924501355
30-39,Diabetes,Libyan,7,0.00227728924501355
30-39,Dyslipidemia,Iranian,7,0.00227728924501355
70+,Nash,Egyptian,7,0.00227728924501355
40-49,CKD,South African,7,0.00227728924501355
40-49,CKD,Moldavian,7,0.00227728924501355
50-59,Nash,English,7,0.00227728924501355
70+,Nash,Azerbaijani,7,0.00227728924501355
70+,Nash,Indu,7,0.00227728924501355
60-69,Nash,German,7,0.00227728924501355
50-59,Nash,Kazakh,7,0.00227728924501355
60-69,Nash,Bilorussian,7,0.00227728924501355
20-29,Hypertension,Iranian,7,0.00227728924501355
30-39,Nash,Bilorussian,7,0.00227728924501355
40-49,Heart disease,Hungarian,7,0.00227728924501355
20-29,Obesity,Yemeni,7,0.00227728924501355
20-29,Obesity,Iranian,7,0.00227728924501355
30-39,CKD,Tunisian,7,0.00227728924501355
20-29,Obesity,Turkish,7,0.00227728924501355
40-49,Heart disease,Azerbaijani,7,0.00227728924501355
20-29,Nash,Rumanian,7,0.00227728924501355
20-29,Hypertension,Yemeni,7,0.00227728924501355
40-49,Nash,Yemeni,7,0.00227728924501355
40-49,Nash,Uzbek,7,0.00227728924501355
40-49,Dyslipidemia,South African,7,0.00227728924501355
20-29,Obesity,Azerbaijani,7,0.00227728924501355
30-39,CKD,Bilorussian,7,0.00227728924501355
30-39,CKD,German,7,0.00227728924501355
70+,Obesity,South African,6,0.0019519622100116142
30-39,Heart disease,Uzbek,6,0.0019519622100116142
30-39,Hypertension,Hungarian,6,0.0019519622100116142
30-39,Heart disease,South African,6,0.0019519622100116142
30-39,Heart disease,German,6,0.0019519622100116142
30-39,Heart disease,Georgian,6,0.0019519622100116142
20-29,Heart disease,Turkish,6,0.0019519622100116142
30-39,Hypertension,South African,6,0.0019519622100116142
20-29,Nash,Russian,6,0.0019519622100116142
20-29,Heart disease,Kazakh,6,0.0019519622100116142
30-39,CKD,Uzbek,6,0.0019519622100116142
70+,Nash,Moldavian,6,0.0019519622100116142
20-29,Obesity,French,6,0.0019519622100116142
70+,Nash,Tunisian,6,0.0019519622100116142
70+,Nash,Sirian,6,0.0019519622100116142
20-29,Obesity,South African,6,0.0019519622100116142
20-29,Dyslipidemia,Rumanian,6,0.0019519622100116142
30-39,Diabetes,Turkish,6,0.0019519622100116142
20-29,Obesity,Uzbek,6,0.0019519622100116142
20-29,Dyslipidemia,Moroccan,6,0.0019519622100116142
60-69,Nash,Tunisian,6,0.0019519622100116142
30-39,Diabetes,Moldavian,6,0.0019519622100116142
20-29,CKD,Tunisian,6,0.001951962210011614
20-29,CKD,Polonian,6,0.0019519622100116142
30-39,CKD,French,6,0.0019519622100116142
20-29,Hypertension,Turkish,6,0.0019519622100116142
30-39,Diabetes,Egyptian,6,0.0019519622100116142
60-69,Obesity,South African,6,0.0019519622100116142
50-59,Nash,German,6,0.0019519622100116142
40-49,Diabetes,English,6,0.0019519622100116142
30-39,Obesity,Libyan,6,0.001951962210011614
50-59,Nash,Moldavian,6,0.0019519622100116142
50-59,Nash,Indu,6,0.0019519622100116142
40-49,Obesity,Kazakh,6,0.001951962210011614
30-39,Obesity,English,6,0.001951962210011614
30-39,Obesity,Turkish,6,0.0019519622100116142
30-39,Obesity,Uzbek,6,0.0019519622100116142
40-49,Obesity,Sirian,6,0.0019519622100116142
40-49,Nash,Bilorussian,6,0.001951962210011614
40-49,Nash,Iraqui,6,0.0019519622100116142
40-49,Dyslipidemia,German,6,0.0019519622100116142
30-39,Nash,Polonian,6,0.0019519622100116142
50-59,Diabetes,Sirian,6,0.0019519622100116142
40-49,Dyslipidemia,English,6,0.001951962210011614
40-49,Obesity,English,6,0.0019519622100116142
50-59,Nash,Georgian,5,0.0016266351750096784
30-39,Diabetes,Bilorussian,5,0.0016266351750096784
40-49,Diabetes,Libyan,5,0.0016266351750096784
30-39,Dyslipidemia,German,5,0.0016266351750096784
30-39,Dyslipidemia,French,5,0.0016266351750096784
20-29,Nash,Ucranian,5,0.0016266351750096784
20-29,CKD,Bilorussian,5,0.0016266351750096786
30-39,Diabetes,Kazakh,5,0.0016266351750096784
40-49,CKD,Azerbaijani,5,0.0016266351750096784
30-39,CKD,Hungarian,5,0.0016266351750096784
40-49,Diabetes,Kazakh,5,0.0016266351750096784
40-49,Nash,Egyptian,5,0.0016266351750096784
60-69,Nash,Indu,5,0.0016266351750096784
40-49,CKD,Bulgarian,5,0.0016266351750096784
20-29,Hypertension,Tunisian,5,0.0016266351750096784
20-29,Obesity,Libyan,5,0.0016266351750096784
30-39,CKD,Egyptian,5,0.0016266351750096784
30-39,Diabetes,Uzbek,5,0.0016266351750096784
40-49,Dyslipidemia,Hungarian,5,0.0016266351750096784
20-29,Hypertension,South African,5,0.0016266351750096784
20-29,Heart disease,South African,5,0.0016266351750096784
30-39,Nash,United States,5,0.0016266351750096784
30-39,Hypertension,Azerbaijani,5,0.0016266351750096784
30-39,Nash,Yemeni,5,0.0016266351750096784
30-39,Nash,Algerian,5,0.0016266351750096784
20-29,Diabetes,Yemeni,5,0.0016266351750096784
30-39,Obesity,Bulgarian,5,0.0016266351750096784
20-29,Dyslipidemia,Russian,5,0.0016266351750096784
30-39,Nash,French,5,0.0016266351750096784
30-39,Heart disease,Indu,5,0.0016266351750096784
30-39,Heart disease,Hungarian,5,0.0016266351750096784
20-29,Diabetes,French,5,0.0016266351750096784
20-29,Diabetes,Bilorussian,5,0.0016266351750096784
40-49,Nash,Turkish,5,0.0016266351750096784
40-49,Obesity,Georgian,5,0.0016266351750096784
20-29,Hypertension,Polonian,5,0.0016266351750096784
30-39,Heart disease,Egyptian,5,0.0016266351750096784
40-49,Nash,Tunisian,5,0.0016266351750096784
40-49,Obesity,Azerbaijani,4,0.0013013081400077427
20-29,Diabetes,Turkish,4,0.0013013081400077427
40-49,Dyslipidemia,Libyan,4,0.0013013081400077427
10-19,Obesity,Ethiopian,4,0.0013013081400077427
20-29,Dyslipidemia,Argentinian,4,0.0013013081400077427
20-29,Heart disease,English,4,0.0013013081400077427
20-29,Obesity,Tunisian,4,0.0013013081400077427
20-29,Dyslipidemia,Ucranian,4,0.0013013081400077427
20-29,Dyslipidemia,French,4,0.0013013081400077427
40-49,Dyslipidemia,Georgian,4,0.0013013081400077427
30-39,CKD,Turkish,4,0.0013013081400077427
40-49,Heart disease,Sirian,4,0.0013013081400077427
20-29,Obesity,German,4,0.0013013081400077427
20-29,Heart disease,Indu,4,0.0013013081400077427
20-29,Heart disease,Libyan,4,0.0013013081400077427
20-29,Diabetes,Algerian,4,0.0013013081400077427
20-29,Nash,French,4,0.0013013081400077427
20-29,CKD,Turkish,4,0.0013013081400077427
40-49,Nash,Indu,4,0.0013013081400077427
30-39,Nash,Iraqui,4,0.0013013081400077427
20-29,Hypertension,Bulgarian,4,0.0013013081400077427
20-29,CKD,German,4,0.0013013081400077427
20-29,Heart disease,Azerbaijani,4,0.0013013081400077427
40-49,Nash,French,4,0.0013013081400077427
20-29,Obesity,Bilorussian,4,0.0013013081400077427
20-29,Obesity,Bulgarian,4,0.0013013081400077427
20-29,Heart disease,Uzbek,4,0.0013013081400077427
20-29,Hypertension,Azerbaijani,4,0.0013013081400077427
10-19,Obesity,Moroccan,4,0.0013013081400077427
20-29,Obesity,Kazakh,4,0.0013013081400077427
20-29,Nash,Iranian,4,0.0013013081400077427
30-39,Nash,Libyan,4,0.0013013081400077427
60-69,Nash,South African,4,0.0013013081400077427
30-39,Heart disease,Moldavian,4,0.0013013081400077427
30-39,Hypertension,Kazakh,4,0.0013013081400077427
30-39,Heart disease,English,4,0.0013013081400077427
30-39,Obesity,Indu,4,0.0013013081400077427
30-39,Obesity,South African,4,0.0013013081400077427
30-39,Heart disease,Sirian,4,0.0013013081400077427
30-39,Dyslipidemia,Bulgarian,4,0.0013013081400077427
30-39,Dyslipidemia,Bilorussian,4,0.0013013081400077427
30-39,Hypertension,Moldavian,4,0.0013013081400077427
60-69,Nash,Kazakh,4,0.0013013081400077427
40-49,CKD,Georgian,4,0.0013013081400077427
60-69,Nash,Georgian,4,0.0013013081400077427
30-39,Diabetes,Azerbaijani,4,0.0013013081400077427
30-39,Heart disease,Kazakh,4,0.0013013081400077427
60-69,Nash,Hungarian,4,0.0013013081400077427
50-59,Nash,Sirian,4,0.0013013081400077427
30-39,Obesity,Azerbaijani,4,0.0013013081400077427
10-19,Hypertension,Russian,4,0.0013013081400077427
30-39,Diabetes,English,4,0.0013013081400077427
60-69,Nash,Azerbaijani,4,0.0013013081400077427
30-39,Hypertension,Sirian,4,0.0013013081400077427
50-59,Obesity,Sirian,4,0.0013013081400077427
50-59,Nash,South African,4,0.0013013081400077427
60-69,Nash,Uzbek,4,0.0013013081400077427
30-39,Diabetes,Indu,4,0.0013013081400077427
30-39,Nash,Argentinian,4,0.0013013081400077427
10-19,Heart disease,Rumanian,3,0.0009759811050058071
30-39,Obesity,Moldavian,3,0.0009759811050058071
20-29,Nash,Ethiopian,3,0.0009759811050058071
20-29,Nash,Argentinian,3,0.0009759811050058071
30-39,Dyslipidemia,Yemeni,3,0.0009759811050058071
20-29,Hypertension,Kazakh,3,0.0009759811050058071
20-29,Diabetes,Bulgarian,3,0.0009759811050058071
40-49,Nash,Libyan,3,0.0009759811050058071
30-39,Obesity,Kazakh,3,0.0009759811050058071
30-39,Heart disease,Bulgarian,3,0.0009759811050058071
40-49,Diabetes,Sirian,3,0.0009759811050058071
20-29,Hypertension,Bilorussian,3,0.0009759811050058071
20-29,Hypertension,German,3,0.0009759811050058071
20-29,Diabetes,Iranian,3,0.0009759811050058071
20-29,Dyslipidemia,Iranian,3,0.0009759811050058071
50-59,Nash,Azerbaijani,3,0.0009759811050058071
20-29,Dyslipidemia,Egyptian,3,0.0009759811050058071
30-39,Nash,Bulgarian,3,0.0009759811050058071
20-29,Dyslipidemia,United States,3,0.0009759811050058071
20-29,Diabetes,Uzbek,3,0.0009759811050058071
20-29,Heart disease,German,3,0.0009759811050058071
20-29,Diabetes,Tunisian,3,0.0009759811050058071
20-29,Diabetes,South African,3,0.0009759811050058071
20-29,Heart disease,Sirian,3,0.0009759811050058071
30-39,Hypertension,Georgian,3,0.0009759811050058071
30-39,Hypertension,Bulgarian,3,0.0009759811050058071
40-49,Nash,South African,3,0.0009759811050058071
20-29,Heart disease,Yemeni,3,0.0009759811050058071
70+,Nash,Hungarian,3,0.0009759811050058071
20-29,CKD,Uzbek,3,0.0009759811050058071
20-29,Dyslipidemia,Kazakh,3,0.0009759811050058071
30-39,Diabetes,Georgian,3,0.0009759811050058071
30-39,CKD,Moldavian,3,0.0009759811050058071
10-19,Obesity,Russian,3,0.0009759811050058071
60-69,Nash,Moldavian,3,0.0009759811050058071
30-39,Diabetes,Hungarian,3,0.0009759811050058071
20-29,Obesity,Moldavian,3,0.0009759811050058071
70+,Nash,Georgian,3,0.0009759811050058071
40-49,CKD,Kazakh,3,0.0009759811050058071
40-49,Hypertension,Sirian,3,0.0009759811050058071
20-29,Obesity,Egyptian,3,0.0009759811050058071
30-39,Diabetes,South African,3,0.0009759811050058071
30-39,Diabetes,Sirian,3,0.0009759811050058071
40-49,Dyslipidemia,Sirian,3,0.0009759811050058071
40-49,Dyslipidemia,Moldavian,3,0.0009759811050058071
60-69,Nash,Sirian,3,0.0009759811050058071
30-39,CKD,English,3,0.0009759811050058071
10-19,Obesity,Ucranian,3,0.0009759811050058071
50-59,Obesity,Georgian,3,0.0009759811050058071
60-69,Nash,Bulgarian,3,0.0009759811050058071
40-49,Nash,Hungarian,3,0.0009759811050058071
40-49,Diabetes,Azerbaijani,3,0.0009759811050058071
20-29,Nash,Iraqui,3,0.0009759811050058071
20-29,CKD,Sirian,3,0.0009759811050058071
50-59,Nash,Hungarian,3,0.0009759811050058071
20-29,CKD,Libyan,3,0.0009759811050058071
40-49,Diabetes,Moldavian,3,0.0009759811050058071
30-39,Dyslipidemia,English,3,0.0009759811050058071
70+,Nash,Libyan,3,0.0009759811050058071
10-19,Heart disease,Indu,2,0.0006506540700038714
20-29,Diabetes,Azerbaijani,2,0.0006506540700038714
70+,Nash,English,2,0.0006506540700038714
10-19,Heart disease,Ethiopian,2,0.0006506540700038714
10-19,Diabetes,Iraqui,2,0.0006506540700038714
10-19,Hypertension,Ucranian,2,0.0006506540700038714
10-19,CKD,Ucranian,2,0.0006506540700038714
10-19,Hypertension,United States,2,0.0006506540700038714
20-29,Dyslipidemia,Ethiopian,2,0.0006506540700038714
20-29,Dyslipidemia,English,2,0.0006506540700038714
40-49,Obesity,Hungarian,2,0.0006506540700038714
10-19,Heart disease,Polonian,2,0.0006506540700038714
20-29,Dyslipidemia,Iraqui,2,0.0006506540700038714
20-29,CKD,Bulgarian,2,0.0006506540700038714
70+,Nash,South African,2,0.0006506540700038714
20-29,CKD,Azerbaijani,2,0.0006506540700038714
40-49,Obesity,Indu,2,0.0006506540700038714
20-29,Diabetes,Argentinian,2,0.0006506540700038714
20-29,CKD,Indu,2,0.0006506540700038714
20-29,CKD,Hungarian,2,0.0006506540700038714
20-29,Diabetes,Georgian,2,0.0006506540700038714
10-19,Heart disease,Moroccan,2,0.0006506540700038714
20-29,Diabetes,Kazakh,2,0.0006506540700038714
10-19,Obesity,Kazakh,2,0.0006506540700038714
20-29,Diabetes,Polonian,2,0.0006506540700038714
70+,Nash,Kazakh,2,0.0006506540700038714
20-29,CKD,Yemeni,2,0.0006506540700038714
20-29,Diabetes,Sirian,2,0.0006506540700038714
50-59,Nash,Libyan,2,0.0006506540700038714
20-29,Hypertension,Indu,2,0.0006506540700038714
10-19,CKD,Iranian,2,0.0006506540700038714
20-29,Hypertension,Uzbek,2,0.0006506540700038714
20-29,Nash,Polonian,2,0.0006506540700038714
30-39,Nash,Tunisian,2,0.0006506540700038714
40-49,Nash,German,2,0.0006506540700038714
30-39,Dyslipidemia,Egyptian,2,0.0006506540700038714
30-39,Heart disease,Azerbaijani,2,0.0006506540700038714
30-39,Dyslipidemia,Uzbek,2,0.0006506540700038714
20-29,Nash,Azerbaijani,2,0.0006506540700038714
20-29,Obesity,English,2,0.0006506540700038714
20-29,Obesity,Georgian,2,0.0006506540700038714
20-29,Obesity,Hungarian,2,0.0006506540700038714
40-49,Nash,Bulgarian,2,0.0006506540700038714
20-29,Obesity,Sirian,2,0.0006506540700038714
30-39,Dyslipidemia,Kazakh,2,0.0006506540700038714
20-29,Dyslipidemia,Polonian,2,0.0006506540700038714
30-39,CKD,Bulgarian,2,0.0006506540700038714
30-39,CKD,Indu,2,0.0006506540700038714
30-39,CKD,Kazakh,2,0.0006506540700038714
30-39,CKD,Libyan,2,0.0006506540700038714
30-39,CKD,Sirian,2,0.0006506540700038714
30-39,CKD,South African,2,0.0006506540700038714
30-39,CKD,Azerbaijani,2,0.0006506540700038714
30-39,Diabetes,Bulgarian,2,0.0006506540700038714
40-49,CKD,Sirian,2,0.0006506540700038714
20-29,Nash,Moldavian,2,0.0006506540700038714
30-39,Nash,Turkish,2,0.0006506540700038714
30-39,Diabetes,Tunisian,2,0.0006506540700038714
20-29,Hypertension,Libyan,2,0.0006506540700038714
20-29,Heart disease,Moldavian,2,0.0006506540700038714
40-49,Nash,Sirian,2,0.0006506540700038714
20-29,Heart disease,Georgian,2,0.0006506540700038714
20-29,Heart disease,Bulgarian,2,0.0006506540700038714
20-29,Hypertension,Egyptian,2,0.0006506540700038714
40-49,Obesity,Bulgarian,2,0.0006506540700038714
20-29,Heart disease,Hungarian,2,0.0006506540700038714
20-29,Hypertension,Moldavian,2,0.0006506540700038714
20-29,Dyslipidemia,Turkish,2,0.0006506540700038714
20-29,Dyslipidemia,South African,2,0.0006506540700038714
10-19,CKD,Sirian,1,0.0003253270350019357
10-19,Hypertension,Moroccan,1,0.0003253270350019357
10-19,Heart disease,Azerbaijani,1,0.0003253270350019357
10-19,Hypertension,Argentinian,1,0.0003253270350019357
30-39,Obesity,Sirian,1,0.0003253270350019357
30-39,Dyslipidemia,Moldavian,1,0.0003253270350019357
30-39,Dyslipidemia,Libyan,1,0.0003253270350019357
10-19,Hypertension,French,1,0.0003253270350019357
30-39,Nash,Hungarian,1,0.0003253270350019357
10-19,CKD,Turkish,1,0.0003253270350019357
10-19,Hypertension,Iraqui,1,0.0003253270350019357
10-19,CKD,Rumanian,1,0.0003253270350019357
10-19,Heart disease,Yemeni,1,0.0003253270350019357
10-19,CKD,Yemeni,1,0.0003253270350019357
30-39,Nash,Indu,1,0.0003253270350019357
10-19,Hypertension,Kazakh,1,0.0003253270350019357
10-19,Heart disease,Algerian,1,0.0003253270350019357
30-39,Nash,German,1,0.0003253270350019357
30-39,Dyslipidemia,Sirian,1,0.0003253270350019357
30-39,Nash,English,1,0.0003253270350019357
10-19,Heart disease,French,1,0.0003253270350019357
30-39,Nash,South African,1,0.0003253270350019357
10-19,Heart disease,Iraqui,1,0.0003253270350019357
10-19,Heart disease,Kazakh,1,0.0003253270350019357
10-19,Heart disease,Libyan,1,0.0003253270350019357
10-19,Dyslipidemia,Russian,1,0.0003253270350019357
10-19,Dyslipidemia,Moroccan,1,0.0003253270350019357
10-19,Diabetes,United States,1,0.0003253270350019357
10-19,Diabetes,Russian,1,0.0003253270350019357
30-39,Obesity,Hungarian,1,0.0003253270350019357
10-19,Heart disease,Russian,1,0.0003253270350019357
10-19,Heart disease,Sirian,1,0.0003253270350019357
10-19,Heart disease,Turkish,1,0.0003253270350019357
10-19,Diabetes,Rumanian,1,0.0003253270350019357
10-19,Diabetes,Kazakh,1,0.0003253270350019357
10-19,Heart disease,Ucranian,1,0.0003253270350019357
30-39,Dyslipidemia,South African,1,0.0003253270350019357
10-19,Heart disease,Argentinian,1,0.0003253270350019357
10-19,Heart disease,United States,1,0.0003253270350019357
20-29,Dyslipidemia,Moldavian,1,0.0003253270350019357
10-19,Hypertension,Rumanian,1,0.0003253270350019357
20-29,CKD,Moldavian,1,0.0003253270350019357
20-29,Nash,Indu,1,0.0003253270350019357
20-29,Nash,Hungarian,1,0.0003253270350019357
20-29,Nash,German,1,0.0003253270350019357
20-29,Nash,Georgian,1,0.0003253270350019357
20-29,Nash,Egyptian,1,0.0003253270350019357
20-29,Nash,Algerian,1,0.0003253270350019357
40-49,Nash,Moldavian,1,0.0003253270350019357
20-29,Hypertension,Hungarian,1,0.0003253270350019357
20-29,Diabetes,German,1,0.0003253270350019357
20-29,Hypertension,English,1,0.0003253270350019357
20-29,Diabetes,Libyan,1,0.0003253270350019357
20-29,Diabetes,Moldavian,1,0.0003253270350019357
40-49,Nash,Azerbaijani,1,0.0003253270350019357
20-29,Heart disease,Egyptian,1,0.0003253270350019357
20-29,Dyslipidemia,Algerian,1,0.0003253270350019357
20-29,Dyslipidemia,Azerbaijani,1,0.0003253270350019357
20-29,Dyslipidemia,Bilorussian,1,0.0003253270350019357
20-29,Dyslipidemia,Bulgarian,1,0.0003253270350019357
20-29,Dyslipidemia,Tunisian,1,0.0003253270350019357
20-29,Nash,Libyan,1,0.0003253270350019357
20-29,CKD,Kazakh,1,0.0003253270350019357
10-19,Hypertension,South African,1,0.0003253270350019357
20-29,Nash,South African,1,0.0003253270350019357
30-39,CKD,Georgian,1,0.0003253270350019357
10-19,Hypertension,Uzbek,1,0.0003253270350019357
10-19,Nash,Polonian,1,0.0003253270350019357
10-19,Obesity,Algerian,1,0.0003253270350019357
10-19,Obesity,Argentinian,1,0.0003253270350019357
40-49,Dyslipidemia,Azerbaijani,1,0.0003253270350019357
10-19,Obesity,French,1,0.0003253270350019357
10-19,Obesity,Iranian,1,0.0003253270350019357
10-19,Obesity,Libyan,1,0.0003253270350019357
10-19,Obesity,Polonian,1,0.0003253270350019357
10-19,Obesity,Rumanian,1,0.0003253270350019357
10-19,Obesity,Sirian,1,0.0003253270350019357
10-19,Obesity,United States,1,0.0003253270350019357
20-29,Nash,Yemeni,1,0.0003253270350019357
20-29,CKD,Egyptian,1,0.0003253270350019357
10-19,CKD,Iraqui,1,0.0003253270350019357
20-29,CKD,Georgian,1,0.0003253270350019357
20-29,Nash,Uzbek,1,0.0003253270350019357
40-49,Nash,Georgian,1,0.0003253270350019357
10-19,Nash,Russian,1,0.0003253270350019357
